date,sentiment_mean,count,std,sentiment_mean_3d,BTC_price,ETH_price,SOL_price,btc_next_ret,eth_next_ret,sol_next_ret
2025-02-17,,,,,96149.3484548204,2659.9017474093457,188.165584495931,-0.38813702046927023,3.082945930846326,-5.444998121994249
2025-02-18,,,,,95776.15723852724,2741.9050800956124,177.91997195388805,-0.29262575740679475,-2.6408857086868798,-4.953232447268041
2025-02-19,,,,,95495.89153299289,2669.494500689608,169.10718217289786,1.1089273188617632,1.6972252900592677,0.09298965971655804
2025-02-20,,,,,96554.87156259285,2714.8018364720533,169.2644343661567,1.8947214057701167,0.9868685724126802,3.991569462569422
2025-02-21,,,,,98384.31738240314,2741.5933625994785,176.02074183930708,-2.2860980582994683,-3.036419238650656,-3.9878878773799253
2025-02-22,,,,,96135.15541305284,2658.3470942919384,169.00123201382314,0.4462454218816081,3.987746345839316,1.90032454969431
2025-02-23,,,,,96564.15414290236,2764.355233404291,172.21280391506767,-0.2451127478150239,2.2728328951527432,-2.3922596449244993
2025-02-24,,,,,96327.46309127836,2827.1844084879804,168.09302650361454,-5.1186816965203885,-11.463029698961114,-16.01916316925449
2025-02-25,,,,,91396.76686930266,2503.103420098605,141.16593031186233,-2.889596234165903,-0.31113250627299305,2.2600390742002485
2025-02-26,,,,,88755.7693356979,2495.315451693047,144.3563354963687,-5.470804215649505,-6.79118613555233,-6.714967446142084
2025-02-27,,,,,83900.11496524839,2325.853934699374,134.6628545613439,0.964277359532062,-0.8827294177888079,2.1859235681154665
2025-02-28,,,,,84709.14477847965,2305.322937802984,137.60648163669737,-0.3154837124910381,-3.041601158961682,7.680002629244398
2025-03-01,,,,,84441.9012237131,2235.204208608959,148.17466304440643,1.8513972926252231,-1.001244406473778,-3.222170614853015
2025-03-02,,,,,86005.25629681018,2212.8243514969954,143.4002225931321,9.599734858159392,13.76132215190491,24.24955039058192
2025-03-03,,,,,94261.5328653844,2517.3382391622977,178.17413183106032,-8.632173094175021,-14.663850091710728,-20.014131545610514
2025-03-04,,,,,86124.71418722175,2148.199533470228,142.5141267061424,1.3771785889272525,1.084508664199979,1.7877404529325291
2025-03-05,,,,,87310.80531078295,2171.496943535016,145.06190940041165,3.771899323034522,3.218386817986585,0.7718620067445281
2025-03-06,,,,,90604.08098523636,2241.3841149187283,146.1815871653316,-0.6651798711629242,-1.7428239233596488,-1.8677042094795593
2025-03-07,,,,,90001.40087607042,2202.3207363495417,143.45134750836067,-3.586682950592812,-2.7957293590536336,-2.9757021838067277
2025-03-08,,,,,86773.33597555371,2140.7498089428914,139.1826626278542,-0.72643584555524,2.7677074121490675,-1.6529043216273132
2025-03-09,,,,,86142.9833586432,2199.9995000805707,136.88210638232243,-6.259180046256474,-8.306094610001157,-7.48661647282558
2025-03-10,,,,,80751.13893300897,2017.265460184326,126.63426805755284,-2.436124591751365,-6.848000791755037,-6.197235959183656
2025-03-11,,,,,78783.94057934263,1879.1231054991024,118.78644366084116,5.0964288157419935,2.245026796602345,5.591820209430209
2025-03-12,,,,,82799.1080292053,1921.3099227587036,125.4287680235315,1.3105669673419973,-0.5545583525722209,0.9061691907300107
2025-03-13,,,,,83884.24578828987,1910.6551381032464,126.56536487567296,-3.3204629042709044,-2.5049105147106454,-2.6292006123913914
2025-03-14,,,,,81098.90052436228,1862.7949366490388,123.23770752728636,3.542352137586624,2.5698659983788064,8.37148567118302
2025-03-15,,,,,83971.70916064628,1910.6662703455045,133.5545345544276,0.500146680380098,1.5240452128442383,1.709823111865183
2025-03-16,,,,,84391.69087647168,1939.7856881721348,135.83808085318316,-2.110484284098013,-2.6818088987900612,-7.120930681725712
2025-03-17,,,,,82610.61750343916,1887.7643429692785,126.16514527624146,1.7730748634636084,2.1940776107384874,1.6761081362626662
2025-03-18,,,,,84075.36559694471,1929.183357761872,128.27980954134415,-1.5406832915503599,0.18728381253430015,-2.288551416088447
2025-03-19,,,,,82780.03048688271,1932.7964059050655,125.34406014353016,4.87486001646702,6.619020750056648,8.200389822184938
2025-03-20,,,,,86815.44109470697,2060.728601068271,135.62276169425357,-2.93104253455182,-3.8771151379278113,-5.859265322305863
2025-03-21,,,,,84270.84358966233,1980.831780524645,127.67626424914864,-0.3100843194506542,-0.8230076560816313,0.44133024902641704
2025-03-22,,,,,84009.532917822,1964.5293833168291,128.23973822410704,-0.25738076190472414,0.7643328003786864,0.11863381485255342
2025-03-23,,,,,83793.30854192551,1979.5449257665969,128.39187391771924,2.380143046976513,1.0862141620890275,2.8889638081859292
2025-03-24,,,,,85787.70914901773,2001.0470230951885,132.10106868785385,1.7951528988820797,3.8326087219161087,6.418040497471034
2025-03-25,,,,,87327.72969669085,2077.739325831977,140.57936877383233,0.22083961106582617,-0.4399440617589456,2.3856150392548736
2025-03-26,,,,,87520.58391530563,2068.598435049149,143.93305133739045,-0.6395391131569506,-2.838390030857363,-4.752007090955779
2025-03-27,,,,,86960.8555491039,2009.8835432902424,137.09334253160864,0.30636316712566725,-0.32738808091657967,0.9377820820620553
2025-03-28,,,,,87227.27158032371,2003.3034241292064,138.37897933357002,-3.287736017998477,-5.310531734824542,-6.4552886270009875
2025-03-29,,,,,84359.46915506005,1896.9173600459983,129.44621681849003,-1.9918292730375708,-3.565934936881565,-3.8195942371478053
2025-03-30,,,,,82679.17255385047,1829.2745211803465,124.50189658068513,-0.39041445631627925,-1.3085320415061608,0.0632547410538642
2025-03-31,,,,,82356.38111183756,1805.3378779435932,124.5806499329744,0.1915000878034645,1.0451926505239628,0.2291916888877754
2025-04-01,,,,,82514.09365397849,1824.207136760985,124.86617842858315,3.300640933811416,4.5477300174222135,1.554270673605962
2025-04-02,,,,,85237.5876052852,1907.1671522994227,126.80693682115113,-3.180715842401194,-5.841402081491653,-6.877723867647568
2025-04-03,,,,,82526.4221526433,1795.761850567479,118.08550586157004,0.7725591448211055,1.2542069194536598,-0.7558539641144169
2025-04-04,,,,,83163.98757387721,1818.2844199542053,117.1929518844708,0.8273053038823308,-0.20918864878964882,4.710285634692579
2025-04-05,,,,,83852.00765399594,1814.4807753449504,122.71307466195722,-0.305445462054843,-0.2504820240870509,-2.073693136770105
2025-04-06,,,,,83595.88550177493,1809.935827172196,120.16838205477264,-6.440989155693222,-13.000663476244444,-11.985874879140024
2025-04-07,,,,,78211.48358199988,1574.6321611455576,105.76515013740064,1.2374253002926494,-1.1889982331533155,0.9753829752705778
2025-04-08,,,,,79179.29226757778,1555.909812570873,106.7967654056102,-3.5996809640857053,-5.434050640417132,-1.2268335765397653
2025-04-09,,,,,76329.090356324,1471.3608854365525,105.48654682895577,8.244667805893258,12.992888211166797,12.775405212608536
2025-04-10,,,,,82622.17029546302,1662.5331604641576,118.96288063114292,-3.662228869242723,-8.336948670722155,-5.108074102490789
2025-04-11,,,,,79596.35732250768,1523.928624242526,112.88616853404648,4.828023526703795,2.9005994887314035,7.53531365104716
2025-04-12,,,,,83439.28818043756,1568.131690125936,121.39249540173658,2.236127781260877,4.956910422712735,8.865366725284197
2025-04-13,,,,,85305.09728392666,1645.8625733156498,132.15438529607428,-1.997860898873105,-3.064643921875476,-2.9659568267489944
2025-04-14,,,,,83600.82010054543,1595.4227460001084,128.2347432835372,1.1036164356275968,1.6372118087241372,0.9256997846040615
2025-04-15,,,,,84523.4524914945,1621.543195596693,129.42181202590046,-1.0257034909942009,-2.079560463521579,-2.409122649640838
2025-04-16,,,,,83656.49248858042,1587.82222440214,126.3038818388089,0.5370616430659725,-0.6370280356755242,4.095092628394692
2025-04-17,,,,,84105.77942167096,1577.7073516760115,131.4761427933663,0.9810611827305804,0.36566337971957186,2.3875221928433943
2025-04-18,,,,,84930.90857600998,1583.4764497002343,134.6151648808524,-0.5853680505621295,0.35839946517144394,-0.47474338737893973
2025-04-19,,,,,84433.75017215389,1589.1516208270757,133.9760882871713,0.8206579353063681,1.6297144809443331,4.229405360161431
2025-04-20,,,,,85126.66244301842,1615.0502549158562,139.64248014652355,-0.0628439937643166,-1.8321553451012162,-1.4400325935423508
2025-04-21,,,,,85073.16544858096,1585.4600253443446,137.6315829179827,2.796277215686449,-0.5054347396976744,-0.9454119482659173
2025-04-22,,,,,87452.04699068287,1577.4465595922347,136.3303974884886,7.002830815051597,11.55410934402672,9.149520420779034
2025-04-23,,,,,93576.1658857398,1759.7064599311093,148.80397504642707,0.03129688282810239,1.9471082441651077,1.475723913203253
2025-04-24,,,,,93605.45230873208,1793.969849485534,150.9999108899842,0.2856264387879559,-1.3699973138980859,0.8808120877572767
2025-04-25,,,,,93872.81422867288,1769.3925107354407,152.3299363576059,0.9590612417023747,1.0967419371306741,-0.9255222120238549
2025-04-26,,,,,94773.11200643536,1788.7981804331257,150.92008896105446,-0.13616270744123415,1.8152606734064936,-1.1752962337382655
2025-04-27,,,,,94644.06637120109,1821.2695303291391,149.14633083954075,-0.8819660687918618,-1.5142012643862612,-0.6032055118901036
2025-04-28,,,,,93809.33781968225,1793.6918440730135,148.2466719511348,1.3018625474253698,0.3239168666666403,-0.17257650043286388
2025-04-29,,,,,95030.60645474444,1799.50191449199,147.99083303267335,-0.8147343476467617,-0.14058716996760978,-1.0120731470379063
2025-04-30,,,,,94256.35946318062,1796.9720456768928,146.49305755147196,-0.021861816875057283,-0.16263496263845267,0.8467471070700228
2025-05-01,,,,,94235.75331048168,1794.0495408617828,147.73348327834748,2.3252235327595905,2.4974108412452622,2.048949014874202
2025-05-02,,,,,96426.94522273028,1838.8543285925757,150.76046702861854,0.44450533061486386,0.13993834119268023,-1.8495086869299904
2025-05-03,,,,,96855.5681343944,1841.427590836958,147.97213909446802,-0.9629799590416765,-0.3761037900705144,-0.7937919624649403
2025-05-04,,,,,95922.86842404422,1834.501911876416,146.79754814764868,-1.6640952934134923,-1.436129221875393,-1.9177732535003988
2025-05-05,,,,,94326.62048529249,1808.156093844096,143.9823040324787,0.45819856901319067,0.6552734072905686,1.9644091385513818
2025-05-06,,,,,94758.8237105546,1820.00445988936,146.81070557078957,2.2116233565811383,-0.21075583011204158,0.06721728329954768
2025-05-07,,,,,96854.53198815876,1816.168694381844,146.90938773866714,0.17754644824494736,-0.3222039599899418,0.19822390686867752
2025-05-08,,,,,97026.493769668,1810.316926928448,147.20059726659957,6.235185412164812,21.390965119707793,11.016039479228489
2025-05-09,,,,,103076.27555512934,2197.5611893238784,163.41627317514832,-0.11034071380033872,6.5457460014116675,5.679240596516899
2025-05-10,,,,,102962.540456923,2341.407963002621,172.6970765026263,1.6203357406391783,10.34740403930452,2.690118189577606
2025-05-11,,,,,104630.8792994166,2583.6829051429518,177.3428319704922,-0.6086326397470643,-2.949804491545871,-2.529022288278393
2025-05-12,,,,,103994.061616746,2507.4693107597423,172.85779222329435,-1.074322101450642,-0.599924378648109,0.90346501972558
2025-05-13,,,,,102876.8304286011,2492.426391077375,174.41950190990173,1.271092780228944,7.39090120013175,5.523634545676748
2025-05-14,,,,,104184.49039270742,2676.639163127913,184.05379777179436,-0.5663651466510822,-2.7243520685371947,-4.1285353009762105
2025-05-15,,,,,103594.42575090707,2603.718088719961,176.45507175799847,0.11045537682159434,-2.358987961072234,-4.365062648881768
2025-05-16,,,,,103708.8513642364,2542.296692466797,168.75269732863256,-0.14735138071796383,0.0822227107860174,-0.5834415062253573
2025-05-17,,,,,103556.03493982446,2544.3870377235667,167.76812404954248,-0.331868732874141,-2.7249252305539984,-1.090020762706967
2025-05-18,,,,,103212.36483885496,2475.0543933696918,165.9394166641985,2.7305573791290394,-0.39245229445477037,3.3754839000001535
2025-05-19,,,,,106030.6376831359,2465.3409856139087,171.5406749574527,-0.3784018351072893,2.500613855736411,-2.8132066149674118
2025-05-20,,,,,105629.41580436694,2526.989643891319,166.7148813421899,1.0956267675634068,-0.10745198672563738,1.0022187393259108
2025-05-21,,,,,106786.71995834044,2524.2743433146065,168.38572912424627,2.6961627429285207,1.3736974015593484,3.3149989921591017
2025-05-22,,,,,109665.86371625264,2558.9502343769486,173.96771434765478,1.7275140665404587,3.8381836840831296,3.2253861245971516
2025-05-23,,,,,111560.356938144,2657.1674447566115,179.57884486750282,-3.89357697362529,-5.169175016896532,-2.8640206456943207
2025-05-24,,,,,107216.66856870624,2519.813809045145,174.43566967519817,0.5733205324353063,0.3821383607283124,0.8954292246506235
2025-05-25,,,,,107831.36374380375,2529.4429842284358,175.9976176396849,0.9556093866045945,0.6790875388675843,-0.491812596119523
2025-05-26,,,,,108861.81037744328,2546.6201163370915,175.13203918726265,0.47390793281800736,0.6107236883254874,-0.23714515326554997
2025-05-27,,,,,109377.71513263127,2562.172928639224,174.71672204451494,-0.282743320466905,3.8998588685420055,1.0652231181689675
2025-05-28,,,,,109068.45694901443,2662.0940568241435,176.57784495904014,-1.1279820696354248,0.5324137811819174,-2.524161992194607
2025-05-29,,,,,107838.18431100152,2676.2674124507,172.12073410994773,-1.9406555486743637,-1.6115058503267221,-3.0686530591417904
2025-05-30,,,,,105745.41660358038,2633.139206528669,166.83894593726552,-1.6402574190579222,-4.126746183953167,-6.189391959539103
2025-05-31,,,,,104010.91956242644,2524.4762348050726,156.51262963204462,0.6504969572125763,0.3124034362170569,0.22813222781556952
2025-06-01,,,,,104687.50742934884,2532.3627853090866,156.86968538083693,0.9767149242419171,0.23564053153362075,0.48526677977809296
2025-06-02,,,,,105710.00593822816,2538.3300584367485,157.63092185153255,0.1652981592730418,2.813156440603448,-0.4184840560632064
2025-06-03,,,,,105884.74263221148,2609.737253959435,156.97126157615844,-0.4252408511070782,-0.5467330832438111,-0.8888051333717284
2025-06-04,,,,,105434.47745144973,2595.4689570063,155.57609294535118,-0.5895218031779392,0.5730845973636711,-1.315600334224798
2025-06-05,,,,,104812.9182188067,2610.343189828259,153.52933334658826,-3.0169749282839997,-7.230546803203087,-5.850053478707928
2025-06-06,,,,,101650.7387545425,2421.601103763502,144.54778524030908,2.71420646701952,2.469559491552209,2.577080964836309
2025-06-07,,,,,104409.74967959142,2481.4039836690267,148.27289869882955,1.2179944291476064,1.8089763906310452,1.215637961684246
2025-06-08,,,,,105681.4546141758,2526.291995889778,150.07536034230216,0.010212570269452215,-0.693026472540692,1.61858964752577
2025-06-09,,,,,105692.24740699006,2508.784123584585,152.50446458828966,4.323238046873712,7.0239627156502005,5.675469860988458
2025-06-10,,,,,110261.57485948496,2685.0001850413178,161.15980951265985,-0.044296790111297835,4.599739842166928,2.3607703859752194
2025-06-11,,,,,110212.73252109604,2808.503208314919,164.9644225697288,-1.3907253675847775,-1.1524294021406867,-2.391155688422786
2025-06-12,,,,,108679.9760916168,2776.1371915822333,161.01986639557893,-2.485045695612742,-4.4298323405073115,-5.191539387656796
2025-06-13,,,,,105979.22902375912,2653.158968452672,152.6604566097001,0.06259281657734483,-2.868669078326269,-2.705368574401801
2025-06-14,,,,,106045.56440819205,2577.04861752583,148.53042859104298,-0.530581637282912,-1.6677371818906828,-2.5441808016422818
2025-06-15,,,,,105482.90611628916,2534.070219535952,144.75154594223267,0.06786664964375522,0.5436070575271845,5.480662652771517
2025-06-16,,,,,105554.49383061715,2547.845604092044,152.684889859998,1.3232768561933117,0.5292408400150661,-0.8182481575444323
2025-06-17,,,,,106951.2720181497,2561.329843569428,151.43554856186984,-2.1204490390798636,-1.8093391255183944,-2.274013104305872
2025-06-18,,,,,104683.42479835715,2514.986700576147,147.99188434299543,0.03751334523636185,0.25235611857870044,-1.1587848932498979
2025-06-19,,,,,104722.695052907,2521.3334233964915,146.27697674399295,-0.030599888887106186,0.03354443168359644,0.5621311561675224
2025-06-20,,,,,104690.65002458123,2522.1791903642184,147.09924520457085,-1.3377936611296048,-4.61837749657329,-4.798906102567601
2025-06-21,,,,,103290.105144757,2405.695434213183,140.04009054961782,-1.7015538492878735,-5.616398328568506,-4.520197438210327
2025-06-22,,,,,101532.5683847329,2270.581996055585,133.71000196412658,-0.6697217937676414,-1.9005378133615802,-1.418388639302015
2025-06-23,,,,,100852.58264648831,2227.4287266371684,131.8134744866569,4.619655352976015,8.820525446309514,9.838215383857163
2025-06-24,,,,,105511.62437933136,2423.899644268608,144.7815680115998,0.44018364941795785,0.9340179297428142,0.7047739224238514
2025-06-25,,,,,105976.06929808448,2446.539301545049,145.8019507474219,1.1912700295830136,-1.1981216078894796,-1.6679003237996204
2025-06-26,,,,,107238.53045016268,2417.2267855277296,143.37011953879949,-0.23733812029839152,-0.09080325703308967,-3.063489677527087
2025-06-27,,,,,106984.01253775664,2415.031864876594,138.97799072607012,0.08870771102420516,0.33119334419171587,2.265659011629917
2025-06-28,,,,,107078.91560644074,2423.0302896731746,142.12675809713753,0.23596604127340548,0.5820278915691368,6.089267971134693
2025-06-29,,,,,107331.58548463575,2437.133001780241,150.7812372563586,0.9922809056944759,2.6889903131916304,1.6829403862867798
2025-06-30,,,,,108396.61631317894,2502.6672721177083,153.31879559308874,-1.1659194254814764,-0.5784424717256043,1.055744320277796
2025-07-01,,,,,107132.79910701896,2488.190781689803,154.9374500694811,-1.418239211570127,-3.3392223386246256,-5.225521752855878
2025-07-02,,,,,105613.39974163056,2405.1045592800183,146.84115991278014,3.040376029844971,7.02518975997013,3.627642964160982
2025-07-03,,,,,108824.44423167944,2574.067718495133,152.1680329188485,0.7146929285528181,0.624090538864297,0.07400053007193819
2025-07-04,,,,,109602.20483914016,2590.132231590221,152.28063806980848,-1.4245269074844358,-3.1232338187302755,-2.9666335566940316
2025-07-05,,,,,108040.8919400104,2509.236345783362,147.76302956048175,0.16343493351749228,0.3245143719112553,-0.10987718067404506
2025-07-06,,,,,108217.46849992426,2517.37917835065,147.60067170952215,0.9219668804942183,2.1442543987632456,2.927065255107908
2025-07-07,,,,,109215.19771840284,2571.358192115984,151.92103968743746,-0.8373202444868499,-1.078281874312459,-2.060931941368749
2025-07-08,,,,,108300.71675785031,2543.6317028067488,148.79005045485957,0.6024661137622678,2.83627091171057,2.043673982704397
2025-07-09,,,,,108953.19187727802,2615.7759888945047,151.83083400485827,2.1792281843867833,5.994533722770434,3.541367580585497
2025-07-10,,,,,111327.53054245668,2772.5795626609174,157.20772193763892,4.088943441471793,6.343069191248163,4.230384986702895
2025-07-11,,,,,115879.65030112496,2948.4462027029053,163.85821380442644,1.459596050592138,0.35290596066006596,-0.6743756072658091
2025-07-12,,,,,117571.02510036016,2958.8514450990992,162.75319398002793,-0.12934109416288253,-0.5370272842392554,-1.4033616189322529
2025-07-13,,,,,117418.95745007684,2942.9616055388096,160.46917812212587,1.4466141158864687,1.0636866493811459,0.4819937042264355
2025-07-14,,,,,119117.55666327637,2974.2654952333387,161.2426294578984,0.6011857730355619,1.2747420071729243,0.6447382745203623
2025-07-15,,,,,119833.67446712356,3012.179706905928,162.28222240485653,-1.7987260614893863,4.013377773043292,1.0374569329440364
2025-07-16,,,,,117678.19493404306,3133.069857747011,163.96583057213138,0.9092319977646923,7.5024392832442555,6.015359505626727
2025-07-17,,,,,118748.1627367753,3368.126521526108,173.8289647474319,0.5871269512696564,3.3774352888546133,1.3051223095611464
2025-07-18,,,,,119445.36520434044,3481.8828152374017,176.0976453468298,-1.219317766989969,1.8792781732186459,0.7224136329717412
2025-07-19,,,,,117988.94664455787,3547.317079001209,177.36979874415755,-0.07400700492072865,1.3249850812038222,-0.25876525122617844
2025-07-20,,,,,117901.62655900871,3594.3185010809702,176.91082733883786,-0.546816660258409,4.570743541051758,2.307040223984891
2025-07-21,,,,,117256.9208222684,3758.605581813957,180.9922312861293,0.19235449287162698,0.18219635076239804,8.526100972533524
2025-07-22,,,,,117482.46977767294,3765.453624023574,196.4238116780261,2.1052723296370646,-0.49165272342831523,4.514266626598573
2025-07-23,,,,,119955.79570607652,3746.940668731632,205.2909062553001,-1.1060239457067245,-3.1195353111977187,-7.647004043503303
2025-07-24,,,,,118629.05588130427,3630.053531480921,189.5923023530127,-0.23149531527343337,2.1590977399566613,-3.7087262500615337
2025-07-25,,,,,118354.43517438594,3708.4299352383423,182.5608428675505,-0.6874493569503648,0.3943171179066063,1.9779611964317878
2025-07-26,,,,,117540.8083708574,3723.05290927856,186.17182549934944,0.3562456125260516,0.5205007035794962,-0.6618841197646441
2025-07-27,,,,,117959.54234360624,3742.431425865992,184.9395837508933,1.2371798659216893,3.2517205461239707,1.9661799260802804
2025-07-28,,,,,119418.91405141471,3864.124837465477,188.5758287219798,-1.1854169388334723,-2.013935748529394,-2.940767168811087
2025-07-29,,,,,118003.30201607826,3786.303845995956,183.0302526626104,-0.12710922904479727,0.060600672930499755,-1.017584820096895
2025-07-30,,,,,117853.30892863822,3788.598371605823,181.16776459533068,-0.017027989168405533,0.4967068987209444,-1.8158134119755975
2025-07-31,,,,,117833.24087995924,3807.4166010824183,177.8780960276323,-1.810387650268075,-2.9088949175094747,-3.212902217209812
2025-08-01,,,,,115700.00243915782,3696.66285308512,172.1630467364299,-2.130853286831491,-5.775043773575472,-5.4435457743504
2025-08-02,,,,,113234.6051343189,3483.1789551579504,162.79127248081605,-0.6002606811719824,-2.460206835389167,-2.6168606317596654
2025-08-03,,,,,112554.90232221724,3397.4855484143177,158.53125175932496,1.4608047348158681,2.945930982835221,2.1269447376266903
2025-08-04,,,,,114199.10966460756,3497.573127822404,161.90312387611365,0.822752882096589,6.236778447817004,4.639871194768563
2025-08-05,,,,,115138.68613070175,3715.709014855071,169.41522028427192,-0.8774913765631109,-2.779189172390828,-3.1470913311310356
2025-08-06,,,,,114128.35408881678,3612.442432236669,164.08356857308905,0.7831022243575125,1.9821350424031436,2.492405129577402
2025-08-07,,,,,115022.09576830892,3684.0459195726726,168.1731958529984,2.1225302201597573,6.167540569710495,4.2884076392527115
2025-08-08,,,,,117463.47451085236,3911.2609462690816,175.3851480311338,-0.6598714044681153,2.6005941598016946,0.804061373428322
2025-08-09,,,,,116688.36663186055,4012.97697001236,176.79535226118225,-0.15278532459491734,6.294237176257167,2.03117945089597
2025-08-10,,,,,116510.08393213755,4265.563258333516,180.3863831264505,2.366182517106208,-0.28065787933029274,1.3984246357173102
2025-08-11,,,,,119266.92516880557,4253.591618951185,182.9089507475702,-0.4134637993707835,-0.5822704177729565,-4.299310836057002
2025-08-12,,,,,118773.79960860992,4228.824213261163,175.04512640796176,1.202904387272108,8.938305197530694,10.02541566077051
2025-08-13,,,,,120202.53485503166,4606.809427709522,192.59412792428108,2.7939999641370283,3.404592919977101,4.7896371060949905
2025-08-14,,,,,123560.99363577303,4763.652535322159,201.8186877395025,-4.17235058236124,-4.394968613498573,-4.490111290981291
2025-08-15,,,,,118405.59579823952,4554.291501538621,192.75680405400084,-0.9001296677927928,-2.7174157929717335,-3.7130252938788577
2025-08-16,,,,,117339.79190213275,4430.532465017841,185.5996951638033,0.13757023870595297,-0.08363671264720596,2.2466243245693684
2025-08-17,,,,,117501.21653394958,4426.826913311333,189.76942306167987,0.03542120248538616,1.3619484481446564,0.9862320187697504
2025-08-18,,,,,117542.83687778088,4487.118013759226,191.6409898737488,-1.0944300346511282,-3.785107855647929,-4.502143177471741
2025-08-19,,,,,116256.41276740946,4317.275757328232,183.0130381229085,-2.9917213588978364,-5.623452956777609,-3.6133018849355714
2025-08-20,,,,,112778.34483555844,4074.495786100515,176.4002245667356,1.307035245591548,6.282883235291381,6.160263931149146
2025-08-21,,,,,114252.39755195397,4330.491598768078,187.2669439751863,-1.6087169442138394,-2.4489830719807704,-3.750781271923398
2025-08-22,,,,,112414.39987336512,4224.438592580698,180.24297051206173,3.931746834601979,14.316386330714103,11.105906616815497
2025-08-23,,,,,116834.24948202296,4829.225541798332,200.2605865005056,-1.2618440409482568,-1.1459695290799488,1.87691929869922
2025-08-24,,,,,115359.98346714744,4773.884088598777,204.01931609622184,-1.6994064450052693,0.08850386889625028,0.912458390538684
2025-08-25,,,,,113399.54847314973,4778.10916071381,205.88090746426144,-2.834397559269408,-8.297905537660588,-9.08081013577654
2025-08-26,,,,,110185.35443900424,4381.626176071471,187.18525315161807,1.5041523095695952,5.037935697663998,4.701515534615908
2025-08-27,,,,,111842.70999260596,4602.369685333965,195.9857969070515,-0.560273616720941,-2.2211283387660985,3.7286481277792882
2025-08-28,,,,,111216.08479629167,4500.1451479982325,203.2934176541396,1.1774489389774878,0.16477875247613571,5.536908989478784
2025-08-29,,,,,112525.59740669793,4507.560431032719,214.54958917125032,-3.594996012936935,-3.176927115971784,-4.4121436160304395
2025-08-30,,,,,108480.30666639366,4364.358521430426,205.08335316941145,0.2780694691349561,0.2062579448110613,-1.157193479988461
2025-08-31,,,,,108781.95727925688,4373.360357620914,202.71014197799332,-0.48592282086235006,0.35604445152379594,-0.8924799408241091
2025-09-01,,,,,108253.36092385623,4388.931464519364,200.90099462282365,0.8399966969213635,-1.9533055475317584,-1.9995795045092857
2025-09-02,,,,,109162.68557992298,4303.202222745541,196.88381950999036,1.8573164518261631,0.5264471039882146,6.270981373834861
2025-09-03,,,,,111190.18209845416,4325.856306225941,209.2303671595565,0.4688702446187021,2.8667339533193337,0.6922599466151924
2025-09-04,,,,,111711.51977725116,4449.8670977283255,210.678785187558,-0.8833318190753947,-3.4107184293483916,-3.794033043774636
2025-09-05,,,,,110724.736377486,4298.094660544595,202.68556246131905,-0.05649618436445181,0.19820067328790714,0.3915297709729204
2025-09-06,,,,,110662.18112628513,4306.613513100346,203.47913677981904,-0.409346984576231,-0.7779543913237208,-1.6180909067954552
2025-09-07,,,,,110209.1888247784,4273.110024157841,200.1866593703589,0.8373199838440648,0.7236508478222436,3.1629625660971383
2025-09-08,,,,,111131.9923868407,4304.032421076036,206.51848846856373,0.8036717196953536,0.13134849236462465,3.666053579140871
2025-09-09,,,,,112025.12878118773,4309.685702772004,214.08956690665315,-0.4264125576439959,-0.007957811210479449,1.5393646634167313
2025-09-10,,,,,111547.43956434788,4309.342746120013,217.3851860476761,2.1765495826905124,0.8849158629811615,3.0427422161428908
2025-09-11,,,,,113975.32489468766,4347.476803670656,223.9996568751895,1.3405021996247157,2.572577551966071,2.09813867584534
2025-09-12,,,,,115503.16663193036,4459.31901599882,228.6994803098487,0.5687954998741418,5.595534368722133,5.928638735966518
2025-09-13,,,,,116160.14344594492,4708.841744149995,242.2582462884525,-0.16318726534871875,-0.8737199879522262,0.1689737305292205
2025-09-14,,,,,115970.58488443034,4667.699652630318,242.6675990847208,-0.5148109981139015,-1.2407298238844122,-0.8853662176525723
2025-09-15,,,,,115373.55555886828,4609.786110950785,240.5191021412361,0.020539514702488937,-1.8556429688801113,-2.7786920568352524
2025-09-16,,,,,115397.25272727507,4524.244939102515,233.8358169548661,1.1833877556614025,-0.4415831558329586,1.3545429506243378
2025-09-17,,,,,116762.8496864193,4504.266635522813,237.00322352946304,-0.2628431945523091,1.9426505109273684,3.3517717233697564
2025-09-18,,,,,116455.9464822532,4591.768794331328,244.9470305591984,0.5921111184922889,-0.024654053122374897,1.0652227353195487
2025-09-19,,,,,117145.49508952006,4590.636737213516,247.55626201820508,-1.2716533606078717,-2.617442199904152,-3.7236086987240236
2025-09-20,,,,,115655.81046441344,4470.479474009387,238.33823551145915,0.05162291731350965,0.25321664990600734,0.4720788838922463
2025-09-21,,,,,115715.51536781774,4481.799472368209,239.4633799935501,-0.35521198038208635,-0.6454626577710898,-1.1754204133933688
2025-09-22,,,,,115304.47999407038,4452.87113037789,236.64867854250417,-2.2616111508294012,-5.679916372041682,-6.892815427737531
2025-09-23,,,,,112696.74101711863,4199.951774017639,220.33692191838944,-0.5985755510039104,-0.8038479000870402,-2.794660643260838
2025-09-24,,,,,112022.16587861197,4166.1905498775295,214.17925267896385,1.1590591885226376,-0.4208574247208885,-1.2060759946651345
2025-09-25,,,,,113320.56908541008,4148.65682762035,211.59608812684968,-3.8448791641434554,-6.884000096808196,-9.175233213397238
2025-09-26,,,,,108963.53013595636,3863.063287590725,192.18165357078567,0.6852555252105264,4.505094027178291,6.732324174013882
2025-09-27,,,,,109710.20874667744,4037.097921026092,205.1199454921513,-0.05049533361849434,-0.46891277572848056,-0.7532279489707139
2025-09-28,,,,,109654.81021075726,4018.167453105732,203.5749247337909,2.268722559446301,3.077826208690726,3.5221053936164592
2025-09-29,,,,,112142.57362752674,4141.839664086501,210.7450481378904,1.9319841819074535,1.7811680648202932,1.0365646532216388
2025-09-30,,,,,114309.15041119448,4215.61278947927,212.92955681530267,-0.2492561397482329,-1.6932846936472568,-1.9866956895978283
2025-10-01,,,,,114024.22783550054,4144.230463371581,208.6992944881733,3.928127177047025,4.819266733212091,5.998864960950634
2025-10-02,,,,,118503.24451752484,4343.951983440489,221.2188833389755,1.7792547427457617,3.224120869726166,6.056381836832925
2025-10-03,,,,,120611.71911591051,4484.006245909478,234.61674360916183,1.3584357842897132,0.7081351030501226,-0.6615739944556553
2025-10-04,,,,,122250.15186842805,4515.759068159723,233.06458024680492,0.10698163904563351,-0.6212115408068097,-2.1991847505640094
2025-10-05,,,,,122380.93708463266,4487.706651673285,227.93905953905116,0.9194635557218778,0.6153419203929866,0.26553657141694664
2025-10-06,,,,,123506.18520027678,4515.321391965295,228.5443211026712,1.0261211034997553,3.849345986546693,1.773170347818498
2025-10-07,,,,,124773.50823074432,4689.131734746596,232.5968012360869,-2.6085283175452334,-5.007393376049496,-5.0187911608883695
2025-10-08,,,,,121518.75593575073,4454.32846286666,220.92325353514107,1.5090254383865354,1.6444575718186805,3.684336260409804
2025-10-09,,,,,123352.50487523204,4527.578004547945,229.06280907281337,-1.3412570819882008,-3.5102336172447846,-3.604386188762876
2025-10-10,,,,,121698.03066778315,4368.649439385323,220.8065008190006,-6.981452353643814,-12.200946876849528,-14.001039574219199
2025-10-11,,,,,113201.74064138904,3835.632842050135,189.8912952568837,-2.074724283604601,-2.252943898796045,-6.100892866551932
2025-10-12,,,,,110853.11663883904,3749.218185954949,178.3062307703534,3.911892562312791,10.949245988798385,10.506499381198475
2025-10-13,,,,,115189.5714637257,4159.729307791921,197.03997380287893,0.0283980199108802,2.079177450341385,5.526445624732568
2025-10-14,,,,,115222.28302116522,4246.217461554773,207.92928081408232,-1.7928073708769143,-2.7631419159080517,-2.4772811530334615
2025-10-15,,,,,113156.56943826911,4128.888447033946,202.77828792883705,-2.163285650693303,-3.52961852115945,-4.34735684637233
2025-10-16,,,,,110708.66960879424,3983.1544356894233,193.96279214560616,-2.3773576159506926,-2.333706511817646,-4.840477481537986
2025-10-17,,,,,108076.72862033188,3890.1993012479857,184.57406686923576,-1.5110715242155126,-1.5154782787966115,-1.356390687867537
2025-10-18,,,,,106443.61194984637,3831.244175835675,182.07052141400305,0.669266491038023,1.520520533148595,3.0143167929642667
2025-10-19,,,,,107156.00337647724,3889.499030204316,187.55870371602296,1.3672882851026413,2.45732248441628,0.03319196251365675
2025-10-20,,,,,108621.134857428,3985.07656440468,187.62095813065147,1.8296960701498222,-0.15774877015902744,1.18001207830023
2025-10-21,,,,,110608.5714932665,3978.790155134436,189.83490809801577,-1.9189008929830664,-2.5460743901936533,-2.1307921856796863
2025-10-22,,,,,108486.1026271664,3877.487197955012,185.78992071057104,-0.7998037855668438,-1.952202518080326,-3.102141658638091
2025-10-23,,,,,107618.4266715404,3801.790795238292,180.02645418265774,2.2580627468125947,1.4217331755741913,6.33113593274115
2025-10-24,,,,,110048.51827291628,3855.842116240121,191.42417371185576,0.8626068876516069,2.0070882398151246,1.0716985921389588
2025-10-25,,,,,110997.80437129698,3933.232269901015,193.47566388653937,0.5608264103640126,0.4825875191715179,0.27670263814294493
2025-10-26,,,,,111620.3093731354,3952.213557935584,194.011016152678,2.558407979684074,5.297723294665091,3.123503402989569
2025-10-27,,,,,114476.01227508576,4161.590896249249,200.07095684438156,-0.25613911699993164,-0.922355813786635,-0.6296044836453962
2025-10-28,,,,,114182.79442806762,4123.206220671679,198.81130112961708,-1.0793620892237898,-3.417084274072124,-2.216163912582514
2025-10-29,,,,,112950.34863259472,3982.312789317544,194.40531681984675,-2.570757336630247,-2.133270945679322,-0.0950143984963514
2025-10-30,,,,,110046.66925837284,3897.359267616961,194.22060377742545,-1.6410346476508741,-2.439187576923252,-5.1149221405724195
2025-10-31,,,,,108240.76528725718,3802.295364533181,184.2863711132605,1.231643425188289,1.1835696209134383,1.6150818077550477
2025-11-01,,,,,109573.90555629117,3847.298177365196,187.2627467672827,0.40176537400462564,0.6475640223869039,-0.48439751654362206
2025-11-02,,,,,110014.13556776088,3872.21189619576,186.3556506725306,0.5781745330007526,0.9783264444847672,0.4511126892550399
2025-11-03,,,,,110650.2092823146,3910.094769162728,187.19632465985816,-3.731689773420932,-7.912321438213765,-11.361940521231862
2025-11-04,,,,,106521.0867382576,3600.71550248779,165.92718959407298,-4.586709416079804,-8.441981651881713,-6.276097102962486
2025-11-05,,,,,101635.2740227234,3296.7437604313104,155.5134380549323,2.2066016532082955,3.9720051194466865,4.586569443458854
2025-11-06,,,,,103877.9596595516,3427.690591370681,162.64616988523213,-2.4599244857529734,-3.4650859896089625,-4.794011446012458
2025-11-07,,,,,101322.6402945857,3308.918164921951,154.84889388443324,2.0463777052305065,3.7907575030937,4.539079161196979
2025-11-08,,,,,103396.084215925,3434.35122852996,161.87760775808556,-1.0696218118509515,-0.9577304708094925,-2.2989091272737516
2025-11-09,,,,,102290.13714655169,3401.4594003397083,158.15618865832252,2.3653712249349645,5.138832593607945,3.8646810718565794
2025-11-10,,,,,104709.67861656273,3576.2547046627064,164.26842094537048,1.145447223696272,-0.3255950659104889,1.996724760010249
2025-11-11,,,,,105909.07272321742,3564.610595799933,167.54840917926455,-2.7838002943495366,-4.147136512324612,-7.8795863816018
2025-11-12,,,,,102960.77564500563,3416.781328259322,154.34628754698477,-1.3976847410623883,-0.20975508906244666,-0.7458145781501058
2025-11-13,,,,,101521.70859453591,3409.6144555411624,153.19515043362588,-1.7644060799543393,-5.099896821522276,-5.247778772919453
2025-11-14,,,,,99730.4533956204,3235.7276362968546,145.15580784802805,-5.2883141845805,-3.9906433095086347,-4.238923311971277
2025-11-15,,,,,94456.39368235336,3106.601287865052,139.00276447047776,1.1136530578079062,2.044410820387621,0.42351143411900605
2025-11-16,,,,,95508.31019889197,3170.1129807404664,139.59145707175173,-1.148570972282803,-2.1584776848389664,-1.5000087696791953
2025-11-17,,,,,94411.32947182968,3101.686799467,137.4975729739525,-2.515168444875049,-2.5916427748501447,-4.952076743138956
2025-11-18,,,,,92036.7255045672,3021.302157630133,130.68858764032888,0.8507839736246803,3.1748042573610524,7.585181769454397
2025-11-19,,,,,92819.759215009,3117.2225871583155,140.60155456478054,-1.5691495435810277,-3.1911171874062894,-2.96358702490902
2025-11-20,,,,,91363.27838693369,3017.7483614097955,136.43470513687834,-5.158862390850317,-6.1529319491953505,-2.075227217579634
2025-11-21,,,,,86649.97257918229,2832.068358334293,133.60337500165332,-1.8443983328692348,-2.3775252267825397,-3.831760078617197
2025-11-22,,,,,85051.8019295002,2764.735218675169,128.48401421465474,-0.4340621005640033,0.1404333694684512,-0.666188826149372
2025-11-23,,,,,84682.62429147748,2768.6178294996357,127.62806806856854,2.4812922302525076,1.1268115180225635,2.5236667431818294
2025-11-24,,,,,86783.84766839583,2799.814934092464,130.84897517738048,1.6656437547286407,5.482959241001484,5.746119037761366
2025-11-25,,,,,88229.35740719768,2953.327645752226,138.3677130507636,-1.0416326659297148,0.058199555728855046,0.4614488029180297
2025-11-26,,,,,87310.33159950442,2955.046469321271,139.0062092062614,3.6237351550850283,2.4510876753797373,2.817365793061688
2025-11-27,,,,,90474.22677969698,3027.477249132549,142.92252259467037,0.8895724458933607,-0.3919246443174873,-1.4641699169735345
2025-11-28,,,,,91279.06057176425,3015.6118196920934,140.8298940142595,-0.3600865418590615,0.5811034963991712,-2.3869619417496657
2025-11-29,,,,,90950.37695910994,3033.135645414151,137.46833804153275,-0.11976242519825542,-1.3814955415609065,-1.0035667903736445
2025-11-30,,,,,90841.45258193676,2991.2330117032598,136.08875145366935,-0.479041322938778,0.053528903969479735,-1.1107363528904401
2025-12-01,,,,,90406.28448571144,2992.8341859495977,134.57716421907872,-4.562502829760884,-6.4753802555869715,-5.818198117109286
2025-12-02,,,,,86281.49519776918,2799.0367919901605,126.74719818442522,5.868277481894357,7.027930390037618,9.417659507049114
2025-12-03,,,,,91344.73275150164,2995.751149322771,138.68381774415911,2.4902418433448315,6.6647005253063,4.577747077475047
2025-12-04,,,,,93619.43750817105,3195.4089919085554,145.03241215787318,-1.5795152690209924,-1.9312318531431893,-4.1568821740524236
2025-12-05,,,,,92140.70419795792,3133.698235618616,139.0035856702843,-3.075310393483066,-3.5434750491695644,-4.175559802385431
2025-12-06,,,,,89307.09154512963,3022.6564205232035,133.19940782316152,-0.069792289323789,0.5525653692108223,-0.7403070854194893
2025-12-07,,,,,89244.7620814118,3039.358573133242,132.21332316930986,1.0287943373325392,0.44804707886982875,-0.43614756250526243
2025-12-08,,,,,90162.90714007126,3052.976330436545,131.63667798299971,0.5048044643042093,2.36965911023288,1.2542245760790882
2025-12-09,,,,,90618.0535204608,3125.321462183988,133.2876975493966,2.323113461888915,6.308079282022727,3.5449575776758557
2025-12-10,,,,,92723.21372069632,3322.469217836626,138.01268988378362,-0.7744302017887561,0.11410169823515837,-1.0869726078649888
2025-12-11,,,,,92005.13714957412,3326.260211637518,136.51252974936924,0.5315352837689913,-2.7105994433091696,-0.05281747426816308
2025-12-12,,,,,92494.17691640416,3236.098620857857,136.44042727909604,-2.364383038623763,-4.659373652209197,-2.911910497560821
2025-12-13,,,,,90307.26028567804,3085.316694358101,132.4674041542392,-0.05517939192408727,0.9693894481521248,0.5689436244848745
2025-12-14,,,,,90257.4292885891,3115.225428835284,133.22106900469535,-2.2454164835893686,-1.5964877796184052,-2.7356533903796776
2025-12-15,,,,,88230.77409367911,3065.491235556364,129.57660231376835,-2.0592079042470512,-3.294828466404942,-1.447002447322665
2025-12-16,,,,,86413.9190195637,2964.488557692104,127.70162570713056,1.6293326208349335,-0.007615687571127516,0.8675981042102654
2025-12-17,,,,,87821.88919109134,2964.2627915054686,128.8095625908113,-2.0005741679143596,-4.6034587889468686,-4.447141065996851
2025-12-18,,,,,86064.94716216,2827.8041755024283,123.08121963590442,-0.7141304113877589,-0.042765655491261434,-2.9331780358645365
2025-12-19,,,,,85450.3312009302,2826.5948465107654,119.47102833526988,3.105347304085293,5.31388583094663,5.62217809679344
2025-12-20,,,,,88103.86075721023,2976.796869557769,126.1879023223493,0.2770393333186183,0.012274725676153508,-0.3159614973282987
2025-12-21,,,,,88347.94310567998,2977.162263207443,125.78919713672444,0.259742637849425,0.820868075469039,0.1824223372763445
2025-12-22,,,,,88577.42038358838,3001.6008377810244,126.0186647301824,-0.0974290912217124,0.13945701433162316,-0.2047336918972409
2025-12-23,,,,,88491.12020788102,3005.786780691547,125.76066206540068,-1.2257544462689118,-1.3504990078405554,-1.4641765974748977
2025-12-24,,,,,87406.43636737975,2965.193660040505,123.9193038826096,0.27020036925782254,-0.6477096520655978,-1.0906776325198098
2025-12-25,,,,,87642.60888119951,2945.9878145019857,122.56774375278772,-0.4710359793712593,-1.4166884770040022,-2.0214175051798233
2025-12-26,,,,,87229.78066010943,2904.252344599994,120.09013792486492,0.0873278585914683,0.7727735695727933,1.746576023835078
2025-12-27,,,,,87305.95655961394,2926.695639112761,122.18760348085108,0.5738974417157205,0.7573895573087741,2.005823590967859
2025-12-28,,,,,87807.003210775,2948.862126257612,124.63847125670826,0.01811368047119899,-0.03399160905598331,0.44343437386453743
2025-12-29,,,,,87822.90829076794,2947.8597605720547,125.19116108131976,-0.758737831546874,-0.4628496577624208,-1.6708940762561353
2025-12-30,,,,,87156.56266080117,2934.215601758931,123.09934938681572,1.443455158768292,1.221446464281195,1.427079126715447
2025-12-31,,,,,88414.62856073362,2970.055474481003,124.85607450703748,-1.0116516778560625,-0.11047923837738116,-0.27203908558909307
2026-01-01,,,,,87520.18048742875,2966.7741798134107,124.5164171836461,1.3796698639602312,1.1340579038146448,1.7816087531373537
2026-01-02,,,,,88727.67004249741,3000.4191168879165,126.73481257128296,1.35088547514286,4.048819542645887,4.1926814048674155
2026-01-03,,,,,89926.27924953419,3121.9006724537576,132.0483994914527,0.7423582826300734,0.13262494156400795,0.9388746179160412
2026-01-04,,,,,90593.85443180415,3126.041091396286,133.28816839764232,0.860280704655203,0.4163717026056224,0.4292998465954323
2026-01-05,,,,,91373.21588108438,3139.057041912684,133.86037430010327,2.794669907212999,2.8428659205615103,3.201748081914668
2026-01-06,,,,,93926.7956485658,3228.2962247842056,138.14624626670062,-0.27673868104191035,2.0693795873672594,2.1397870849199307
2026-01-07,,,,,93666.86387314304,3295.101927879638,141.10228180261717,-2.572637038480896,-3.9545719823690373,-3.4227674693079635
2026-01-08,,,,,91257.15544035909,3164.794750249208,136.27267880262593,-0.2998555648731416,-1.9140080970344475,1.483736935602753
2026-01-09,,,,,90983.51578142623,3104.220322474917,138.2946068711558,-0.526051531329963,-0.6792109744862218,-1.7731475533089514
2026-01-10,,,,,90504.8956034002,3083.136117372436,135.84243943306166,-0.0694730649773212,-0.005539442164514963,-0.029987229230743484
2026-01-11,,,,,90442.01907847,3082.9653288303607,135.80170404935623,0.4172252172350621,1.1805714085251884,2.670012766786223
2026-01-12,,,,,90819.36598904192,3119.361936037277,139.4276268849873,0.3475064894322699,-0.9322167792246816,-0.2275621615520418
2026-01-13,,,,,91134.96917951509,3090.2827206647894,139.1103423634471,4.526772933294998,7.43144583037747,4.303658112186026
2026-01-14,,,,,95260.4422971001,3319.935407056508,145.09717589746134,1.8342750144525022,1.1012563445847556,1.1104924329180976
2026-01-15,,,,,97007.78078881276,3356.4964063628336,146.70846905618052,-1.4668439979318992,-1.1408534190913144,-3.023352087079745
2026-01-16,,,,,95584.82797878512,3318.203702349166,142.27295549504774,-0.07192591164063566,-0.6672601883168094,1.7927831991320309
2026-01-17,,,,,95516.07771987125,3296.062650076136,144.82360113807155,-0.43610018780980697,0.3279237612334951,-0.7694880335075149
2026-01-18,,,,,95099.53192554633,3306.8712226908783,143.70920085761944,-1.416227952329352,-0.6819676221313187,-3.5589420652331616
2026-01-19,,,,,93752.70577188236,3284.3194316465483,138.5946736566872,-1.273821825544641,-3.0038176860529786,-3.723857797152186
2026-01-20,,,,,92558.46334372148,3185.6644636922747,133.43360509528503,-4.586963371895614,-7.848944771993638,-5.712939346841461
2026-01-21,,,,,88312.84053255555,2935.623419316041,125.81062416788744,1.1793338729511271,1.3770746950067192,2.8036538598725125
2026-01-22,,,,,89354.34377512129,2976.049146564133,129.33791858850012,0.09966349993226764,-0.9331585461608061,-0.8612592366034288
2026-01-23,,,,,89443.39744146909,2948.277889615024,128.22398381822603,-0.03465760785555938,0.08937281538361486,-0.7603709716377582
2026-01-24,,,,,89412.39849953113,2950.9128485703054,127.24900586659474,-0.27012456691609676,-0.05813333168417367,-0.15677320436644493
2026-01-25,,,,,89170.87364531498,2949.197384616335,127.04951352257324,-2.9410405028082565,-4.577923531830486,-6.421916078422896
2026-01-26,,,,,86548.32213469829,2814.1853835458546,118.89050038610904,2.0330134992184723,4.038510186284672,4.469104040318794
2026-01-27,,,,,88307.8612070438,2927.836546921288,124.20384054241988,1.015041217338375,3.185115308971076,2.3739212628471895
2026-01-28,,,,,89204.22239644526,3021.091516998928,127.1523419223292,-0.04722352772550398,-0.4728226193420171,-1.6575603736640354
2026-01-29,,,,,89162.09701574955,3006.807112955534,125.04471508843886,-5.149820504534697,-6.252121126267552,-5.939619908752302
2026-01-30,,,,,84570.40906135936,2818.817890220326,117.61753429620336,-0.5068327047769161,-4.129741596987547,-0.268542292858176
2026-01-31,,,,,84141.77856967277,2702.40799526457,117.30168147280108,-6.43665979361574,-9.564764874668274,-10.18487894581046
2026-02-01,,,,,78725.85853884545,2443.9290245632774,105.3546472133961,-2.272181600400669,-7.1442407264409535,-4.2284853179971655
2026-02-02,,,,,76937.06406636834,2269.3288518651166,100.89974142414994,2.3793396710742654,3.313024003481946,3.585830886095298
2026-02-03,,,,,78767.65815345927,2344.512261445349,104.5178355161274,-3.9720635661019577,-5.0128390370486215,-6.599833496926721
2026-02-04,,,,,75638.95670207398,2226.985635575225,97.61983239747126,-3.2611035068878302,-3.3632288734067983,-5.457490426871969
2026-02-05,,,,,73172.29203248928,2152.087011672937,92.2922393896508,-14.101788206180332,-15.404474276242997,-14.943662990491413
2026-02-06,,,,,62853.69038445987,1820.5693215574129,78.50039816888382,12.203362664914996,13.191787874605755,11.560915749814637
2026-02-07,,,,,70523.95417035831,2060.734964567416,87.57576306445752,-1.7400433813489546,1.4706107113817923,0.11039947214028789
2026-02-08,,,,,69296.80677355142,2091.040353689534,87.6724462446035,1.797437110136424,0.19560649703891375,-0.710635755210498
2026-02-09,,,,,70542.37329463876,2095.1305644770564,87.04941449412165,-0.6321964389408796,0.44518598849732083,-0.24470421222297922
2026-02-10,,,,,70096.40692272567,2104.457792190833,86.83640091013909,-1.8781235270528107,-4.064420472288488,-4.579934840753785
2026-02-11,,,,,68779.90981269129,2018.9237788543585,82.859350330399,-2.67858507830111,-3.9373257037153775,-4.333032475971654
2026-02-12,,,,,66937.58141157958,1939.432173971104,79.26902777120368,-1.1249342163188292,0.3249903462853698,-1.2954546442162096
2026-02-13,0.2810083333333333,12.0,0.596160028025321,0.1448970238095238,66184.57765470445,1945.7351413092624,78.24213346951659,4.0104467603424565,5.223091816878944,7.688476459821225
2026-02-14,0.0087857142857142,21.0,0.7373889016561846,0.0985507936507936,68838.87490510389,2047.3626742531244,84.25776148298227,1.346218229767171,1.8639105244329102,4.634400288430074
2026-02-15,0.0058583333333333,24.0,0.6326385889869209,-0.0018769841269841,69765.59638824302,2085.5236826118394,88.16260342417432,-1.5036250927195072,-5.829058587192204,-2.517333078668338
2026-02-16,-0.020275,52.0,0.6571311615502586,-0.0072083333333333,68716.58337486399,1963.9572853026268,85.9432570451624,-0.37209413592537155,0.2146602973453593,-2.1112935567314195
2026-02-16,-0.020275,52.0,0.6571311615502586,-0.0072083333333333,68460.89299771785,1968.173121850993,84.12874259672276,,,
